{"stats":{"minecraft:killed":{"minecraft:salmon":2,"minecraft:drowned":1},"minecraft:mined":{"minecraft:furnace":1,"minecraft:birch_log":5,"minecraft:iron_ore":10,"minecraft:andesite":74,"minecraft:birch_leaves":45,"minecraft:crafting_table":1,"minecraft:torch":1,"minecraft:granite":69,"minecraft:grass_block":6,"minecraft:oak_log":53,"minecraft:gravel":17,"minecraft:dirt":17,"minecraft:copper_ore":6,"minecraft:stone":964,"minecraft:sugar_cane":3,"minecraft:oak_leaves":25,"minecraft:wall_torch":2},"minecraft:used":{"minecraft:stone_pickaxe":1106,"minecraft:wooden_pickaxe":20,"minecraft:chest":2,"minecraft:cooked_salmon":1,"minecraft:rotten_flesh":2,"minecraft:stone_axe":50,"minecraft:torch":13,"minecraft:dirt":9,"minecraft:crafting_table":2,"minecraft:furnace":2,"minecraft:andesite":3},"minecraft:broken":{"minecraft:stone_pickaxe":2},"minecraft:dropped":{"minecraft:stone_pickaxe":1},"minecraft:crafted":{"minecraft:oak_planks":44,"minecraft:charcoal":1,"minecraft:crafting_table":1,"minecraft:stick":24,"minecraft:wooden_pickaxe":1,"minecraft:stone_pickaxe":14,"minecraft:chest":2,"minecraft:furnace":1,"minecraft:cooked_salmon":1,"minecraft:torch":16,"minecraft:stone_axe":1,"minecraft:air":0},"minecraft:picked_up":{"minecraft:birch_log":5,"minecraft:crafting_table":1,"minecraft:charcoal":8,"minecraft:stick":2,"minecraft:raw_iron":10,"minecraft:salmon":2,"minecraft:andesite":74,"minecraft:torch":4,"minecraft:gravel":17,"minecraft:oak_log":59,"minecraft:dirt":23,"minecraft:raw_copper":23,"minecraft:rotten_flesh":2,"minecraft:granite":69,"minecraft:stone_pickaxe":1,"minecraft:oak_sapling":3,"minecraft:sugar_cane":6,"minecraft:birch_sapling":3,"minecraft:cobblestone":962,"minecraft:furnace":1},"minecraft:custom":{"minecraft:time_since_rest":63891,"minecraft:interact_with_furnace":6,"minecraft:sprint_one_cm":24406,"minecraft:damage_taken":90,"minecraft:walk_one_cm":247515,"minecraft:mob_kills":3,"minecraft:drop":1,"minecraft:damage_dealt":261,"minecraft:swim_one_cm":11109,"minecraft:interact_with_crafting_table":11,"minecraft:fly_one_cm":861,"minecraft:open_chest":5,"minecraft:crouch_one_cm":6592,"minecraft:play_time":63891,"minecraft:sneak_time":1382,"minecraft:walk_under_water_one_cm":2283,"minecraft:jump":256,"minecraft:leave_game":12,"minecraft:time_since_death":63891,"minecraft:walk_on_water_one_cm":3921,"minecraft:total_world_time":106262}},"DataVersion":3839}